Name,Link
The Importance of the Trusted Display and Secure Execution,https://hackernoon.com/the-importance-of-the-trusted-display-and-secure-execution-1l7e3249
Using AccessControl.sol [A How-To Guide],https://hackernoon.com/using-accesscontrolsol-a-how-to-guide-0c3c325t
Image to Image Translation and Segmentation Tutorial ,https://hackernoon.com/image-to-image-translation-and-segmentation-tutorial-j1jq32dd
Zoom's Nine Year Path to Overnight Success ,https://hackernoon.com/zooms-nine-year-path-to-overnight-success-dvfx32rf
Paycheck Protection Program Round 2: How to Get The Money,https://hackernoon.com/paycheck-protection-program-round-2-how-to-get-the-money-4u2i32c8
Automate JavaScript deployment of npm packages with Github actions,https://hackernoon.com/automate-javascript-deployment-of-npm-packages-with-github-actions-3e4o3y35
Learn in Public: My First Time Writing Code,https://hackernoon.com/learn-in-public-my-first-time-writing-code-lj33323g
What Exactly Is nullptr in C++,https://hackernoon.com/what-exactly-is-nullptr-in-c-94d63y6t
Crowdlending is Redefining Growth in Emerging Markets ,https://hackernoon.com/crowdlending-is-redefining-growth-in-emerging-markets-1o2432hr
Using AccessControl.sol [A How-To Guide],https://hackernoon.com/using-accesscontrolsol-a-how-to-guide-0c3c325t
Is Layer 2 Scaling for Blockchains Living up to Its Promise?,https://hackernoon.com/is-layer-2-scaling-for-blockchains-living-up-to-its-promise-ok3632jy
Remote Working Is Transforming The Cyber Security Landscape in 2020,https://hackernoon.com/remote-working-is-transforming-the-cyber-security-landscape-in-2020-fr4f3yoz
Looking At Conspiracy Theories From Inside Someone Else's Foil Hat,https://hackernoon.com/looking-at-conspiracy-theories-from-inside-someone-elses-foil-hat-8c2x32ud
Paycheck Protection Program Round 2: How to Get The Money,https://hackernoon.com/paycheck-protection-program-round-2-how-to-get-the-money-4u2i32c8
Crowdlending is Redefining Growth in Emerging Markets ,https://hackernoon.com/crowdlending-is-redefining-growth-in-emerging-markets-1o2432hr
The Importance of the Trusted Display and Secure Execution,https://hackernoon.com/the-importance-of-the-trusted-display-and-secure-execution-1l7e3249
Could Bill Gates' Problem Be Solved By the Blockchain?,https://hackernoon.com/could-bill-gates-problem-be-solved-by-the-blockchain-rj6s320b
Learn in Public: My First Time Writing Code,https://hackernoon.com/learn-in-public-my-first-time-writing-code-lj33323g
How to Encrypt and Decrypt Data in Python,https://hackernoon.com/how-to-encrypt-and-decrypt-data-in-python-53193yhj
What Exactly Is nullptr in C++,https://hackernoon.com/what-exactly-is-nullptr-in-c-94d63y6t
Learn in Public: My First Time Writing Code,https://hackernoon.com/learn-in-public-my-first-time-writing-code-lj33323g
How to Encrypt and Decrypt Data in Python,https://hackernoon.com/how-to-encrypt-and-decrypt-data-in-python-53193yhj
Keras Metrics Explained: Everything You Need To Know,https://hackernoon.com/keras-metrics-explained-everything-you-need-to-know-rj943ygb
Automate JavaScript deployment of npm packages with Github actions,https://hackernoon.com/automate-javascript-deployment-of-npm-packages-with-github-actions-3e4o3y35
I Built a VSCode Extension: ngrok for VSCode,https://hackernoon.com/i-built-a-vscode-extension-ngrok-for-vscode-vf733yg5
10 Static Site Generators to Watch in 2020,https://hackernoon.com/10-static-site-generators-to-watch-in-2020-wt373yyi
7 React Admin Dashboard Templates For Your Next Project,https://hackernoon.com/7-react-admin-dashboard-templates-for-your-next-project-gn3x3yse
How The Top of Descent Calculator Works,https://hackernoon.com/how-the-top-of-descent-calculator-works-2k563ykb
What's The Right Way to Fetch Data in React Hooks? [A Deep Dive],https://hackernoon.com/whats-the-right-way-to-fetch-data-in-react-hooks-a-deep-dive-2jc13230
Automate JavaScript deployment of npm packages with Github actions,https://hackernoon.com/automate-javascript-deployment-of-npm-packages-with-github-actions-3e4o3y35
7 React Admin Dashboard Templates For Your Next Project,https://hackernoon.com/7-react-admin-dashboard-templates-for-your-next-project-gn3x3yse
Introduction to 3D Javascript Library: Three.js Basics,https://hackernoon.com/introduction-to-3d-javascript-library-threejs-basics-aec33yfb
Tinder for Hackathon Teams,https://hackernoon.com/tinder-for-hackathon-teams-pj2a3yfo
Remote Working Is Transforming The Cyber Security Landscape in 2020,https://hackernoon.com/remote-working-is-transforming-the-cyber-security-landscape-in-2020-fr4f3yoz
How to stay sane and motivated when working remote,https://hackernoon.com/how-to-stay-sane-and-motivated-when-working-remote-lq4x3yps
4 Features to Look for in Online Education Platforms,https://hackernoon.com/4-features-to-look-for-in-online-education-platforms-7x553yy2
Why You Should Stop Your Reading Challenge,https://hackernoon.com/why-you-should-stop-your-reading-challenge-oy8p3yxf
The 5 Best Books Every CTO and Engineer Manager Should Read,https://hackernoon.com/the-5-best-books-every-cto-and-engineer-manager-should-read-mn3k3ytz
Opening a Bank Account is Still A Hurdle for Crypto Startups,https://hackernoon.com/opening-a-bank-account-is-still-a-hurdle-for-crypto-startups-qh43326j
How We Find A Way to Grow our MRR by 800% in 6 Months,https://hackernoon.com/how-we-find-a-way-to-grow-our-mrr-by-800percent-in-6-months-o2653yok
Zoom's Nine Year Path to Overnight Success ,https://hackernoon.com/zooms-nine-year-path-to-overnight-success-dvfx32rf
Opening a Bank Account is Still A Hurdle for Crypto Startups,https://hackernoon.com/opening-a-bank-account-is-still-a-hurdle-for-crypto-startups-qh43326j
Zoom's Nine Year Path to Overnight Success ,https://hackernoon.com/zooms-nine-year-path-to-overnight-success-dvfx32rf
Reddit's Origin Story and Persistent  Path to Product Market Fit,https://hackernoon.com/reddits-origin-story-and-persistent-path-to-product-market-fit-7ym232ry
How To Approach Modern Cybersecurity,https://hackernoon.com/how-to-approach-modern-cybersecurity-vw3m3yk8
Predictive Early Stopping - A Meta Learning Approach ,https://hackernoon.com/predictive-early-stopping-a-meta-learning-approach-za2d32yk
5 Use Cases for Businesses To Transform Their Communications via AI,https://hackernoon.com/5-use-cases-for-businesses-to-transform-their-communications-via-ai-2uc232lj
Classify Handwritten Digits using Deep learning with Tensorflow ,https://hackernoon.com/classify-handwritten-digits-using-deep-learning-with-tensorflow-bt1v3y16
Keras Metrics Explained: Everything You Need To Know,https://hackernoon.com/keras-metrics-explained-everything-you-need-to-know-rj943ygb
How to Deploy ML Workflows on LKE with Kubeflow,https://hackernoon.com/how-to-deploy-ml-workflows-on-lke-with-kubeflow-teaw3yso
Why You Should Stop Your Reading Challenge,https://hackernoon.com/why-you-should-stop-your-reading-challenge-oy8p3yxf
5 Ways How Telemedicine Is Revolutionizing The Healthcare,https://hackernoon.com/5-ways-how-telemedicine-is-revolutionizing-the-healthcare-pyjx3y6f
Keras Metrics Explained: Everything You Need To Know,https://hackernoon.com/keras-metrics-explained-everything-you-need-to-know-rj943ygb
Opening a Bank Account is Still A Hurdle for Crypto Startups,https://hackernoon.com/opening-a-bank-account-is-still-a-hurdle-for-crypto-startups-qh43326j
DeFi Data and Visualizations To Understand It 1% More Than Others,https://hackernoon.com/defi-data-and-visualizations-to-understand-it-1percent-more-than-others-gudk32he
How China’s New National Cryptocurrency Changes Everything,https://hackernoon.com/how-chinas-new-national-cryptocurrency-changes-everything-sc4032eq
Opening a Bank Account is Still A Hurdle for Crypto Startups,https://hackernoon.com/opening-a-bank-account-is-still-a-hurdle-for-crypto-startups-qh43326j
Cybersecurity Best Practices and Risks [Infographic],https://hackernoon.com/cybersecurity-best-practices-and-risks-infographic-px3t3yqd
How We Find A Way to Grow our MRR by 800% in 6 Months,https://hackernoon.com/how-we-find-a-way-to-grow-our-mrr-by-800percent-in-6-months-o2653yok
Cybersecurity Best Practices and Risks [Infographic],https://hackernoon.com/cybersecurity-best-practices-and-risks-infographic-px3t3yqd
How Cloud Provider Compliance Affects Your Application Compliance,https://hackernoon.com/how-cloud-provider-compliance-affects-your-application-compliance-38d73df53a3d
Cyber Attack Prevention: 5 First Principles for Your Incident Respo...,https://hackernoon.com/cyber-attack-prevention-5-first-principles-for-your-incident-response-plan-b60ade928b8c
Life After Coronavirus: The Emergence of Fundamentally New Business...,https://hackernoon.com/life-after-coronavirus-the-emergence-of-fundamentally-new-business-models-rm1x32t5
Designing an HMI in Automotive: A Stress-Free and Intuitive Way ,https://hackernoon.com/designing-an-hmi-in-automotive-a-stress-free-and-intuitive-way-hx8z3yxy
We Need Tech to Augment Short-Term Memory for Decision-Making and R...,https://hackernoon.com/we-need-tech-to-augment-short-term-memory-for-decision-making-and-relationships-zveg3ypj
Hydra Tutorial For Live Coding Visuals,https://hackernoon.com/hydra-tutorial-for-live-coding-visuals-1h4532qa
"10 Business Models, 10 Companies, 10 New Ways of Working In A Pandemic",https://hackernoon.com/10-business-models-10-companies-10-new-ways-of-working-in-a-pandemic-ym16i3ywx
Exploring The 5 Stages of The Design Thinking Process,https://hackernoon.com/exploring-the-5-stages-of-the-design-thinking-process-5v1233yoi
How We Find A Way to Grow our MRR by 800% in 6 Months,https://hackernoon.com/how-we-find-a-way-to-grow-our-mrr-by-800percent-in-6-months-o2653yok
Search Engine Optimization: Link Building Myths and Reality,https://hackernoon.com/search-engine-optimization-link-building-myths-and-reality-gfap3y7v
SaaS Sales Guide: How to Close Deals Despite the Pandemic,https://hackernoon.com/saas-sales-guide-how-to-close-deals-despite-the-pandemic-9d383yq0
